,duration,count_n_notes,distribution
0,1,52,0.008688387635756056
1,1/12,619,0.10342522974101921
2,1/16,1154,0.1928153717627402
3,1/2,109,0.01821219715956558
4,1/32,8,0.0013366750208855473
5,1/4,704,0.11762740183792815
6,1/6,18,0.0030075187969924814
7,1/8,2681,0.447953216374269
8,3/16,587,0.09807852965747703
9,3/4,7,0.0011695906432748538
10,3/8,46,0.007685881370091897
