,duration,count_n_notes,distribution
0,1/16,28,0.041237113402061855
1,1/2,90,0.1325478645066274
2,1/32,1,0.0014727540500736377
3,1/4,348,0.5125184094256259
4,1/8,163,0.24005891016200295
5,3/16,16,0.023564064801178203
6,3/4,29,0.042709867452135494
7,3/8,4,0.005891016200294551
