,duration,count_n_notes,distribution
0,1/4,47,0.5222222222222223
1,1/8,43,0.4777777777777778
