,duration,count_n_notes,distribution
0,1/12,3,0.001589825119236884
1,1/2,58,0.03073661897191309
2,1/4,1615,0.8558558558558559
3,1/8,72,0.03815580286168521
4,3/4,139,0.07366189719130896
