,duration,count_n_notes,distribution
0,1/16,4897,0.3651480128252927
1,1/2,292,0.021773171277309673
2,1/32,20,0.001491313101185594
3,1/4,1484,0.11065543210797107
4,1/6,4,0.00029826262023711876
5,1/8,5588,0.41667288047125495
6,3/16,962,0.07173216016702706
7,3/32,20,0.001491313101185594
8,3/8,144,0.010737454328536277
