,duration,count_n_notes,distribution
0,1/12,12,0.006201550387596899
1,1/16,48,0.024806201550387597
2,1/2,216,0.11162790697674418
3,1/4,757,0.3912144702842377
4,1/6,15,0.007751937984496124
5,1/8,628,0.3245478036175711
6,3/16,3,0.0015503875968992248
7,3/4,242,0.12506459948320414
8,3/8,14,0.007235142118863049
