,duration,count_n_notes,distribution
0,1,494,0.026129271130857928
1,1/12,35,0.001851264148947424
2,1/16,396,0.020945731513805143
3,1/2,2050,0.10843118586692055
4,1/32,786,0.041574103459219296
5,1/4,10583,0.5597693853803025
6,1/6,118,0.006241404845022744
7,1/8,3821,0.2021051518036602
8,3/16,129,0.00682323072040622
9,3/32,58,0.0030678091611128742
10,3/4,78,0.004125674389082831
11,3/8,358,0.018935787580662222
