,duration,count_n_notes,distribution
0,1,174,0.030504908835904627
1,1/12,12,0.0021037868162692847
2,1/16,68,0.011921458625525946
3,1/2,289,0.050666199158485276
4,1/4,4121,0.7224754558204769
5,1/6,4,0.0007012622720897616
6,1/8,871,0.15269985974754557
7,3/16,43,0.007538569424964937
8,3/4,49,0.008590462833099579
9,3/8,73,0.012798036465638148
