,duration,count_n_notes,distribution
0,1,33,0.007246376811594203
1,1/12,3,0.0006587615283267457
2,1/16,27,0.005928853754940711
3,1/2,189,0.041501976284584984
4,1/4,3613,0.7933684672815108
5,1/6,3,0.0006587615283267457
6,1/8,650,0.1427316644707949
7,3/16,9,0.001976284584980237
8,3/4,18,0.003952569169960474
9,3/8,9,0.001976284584980237
