,duration,count_n_notes,distribution
0,1/12,6,0.00014173674761409807
1,1/16,35832,0.8464518567513938
2,1/2,327,0.007724652744968345
3,1/32,343,0.008102617405272607
4,1/4,642,0.015165831994708496
5,1/6,9,0.00021260512142114713
6,1/8,4983,0.11771236889350846
7,3/16,104,0.0024567702919777
8,3/32,45,0.0010630256071057357
9,3/8,41,0.0009685344420296702
