,duration,count_n_notes,distribution
0,1/16,6,0.011834319526627219
1,1/2,6,0.011834319526627219
2,1/4,29,0.05719921104536489
3,1/8,261,0.514792899408284
4,3/16,201,0.39644970414201186
5,3/4,4,0.007889546351084813
