,duration,count_n_notes,distribution
0,1,4,0.0023923444976076554
1,1/12,4,0.0023923444976076554
2,1/2,25,0.014952153110047847
3,1/4,1331,0.7960526315789473
4,1/6,8,0.004784688995215311
5,1/8,271,0.16208133971291866
6,3/4,8,0.004784688995215311
7,3/8,21,0.012559808612440191
