,duration,count_n_notes,distribution
0,1,12,0.011267605633802818
1,1/12,20,0.018779342723004695
2,1/16,55,0.051643192488262914
3,1/2,132,0.12394366197183099
4,1/4,304,0.28544600938967135
5,1/8,415,0.38967136150234744
6,3/16,45,0.04225352112676056
7,3/4,11,0.010328638497652582
8,3/8,71,0.06666666666666667
