,duration,count_n_notes,distribution
0,1/12,24,0.0005346640527535199
1,1/16,4061,0.09046961325966851
2,1/2,73,0.0016262698271252895
3,1/32,284,0.006326857957583318
4,1/4,1969,0.04386472999465336
5,1/8,37663,0.8390438424523258
6,3/16,458,0.010203172340046338
7,3/32,26,0.0005792193904829799
8,3/8,330,0.007351630725360899
