,duration,count_n_notes,distribution
0,1/12,4,0.002294893861158921
1,1/16,35,0.020080321285140562
2,1/2,106,0.060814687320711415
3,1/4,587,0.3367756741250717
4,1/6,4,0.002294893861158921
5,1/8,858,0.49225473321858865
6,3/16,10,0.005737234652897304
7,3/32,2,0.0011474469305794606
8,3/4,85,0.04876649454962708
9,3/8,52,0.02983362019506598
