,duration,count_n_notes,distribution
0,1,233,0.023902338941321297
1,1/12,64,0.006565449322938038
2,1/16,360,0.03693065244152647
3,1/2,846,0.0867870332375872
4,1/32,36,0.0036930652441526466
5,1/4,3466,0.35556011489536316
6,1/6,52,0.005334427574887156
7,1/8,3669,0.37638489946655723
8,3/16,329,0.03375051292572835
9,3/32,12,0.0012310217480508822
10,3/4,93,0.009540418547394337
11,3/8,588,0.06032006565449323
