,duration,count_n_notes,distribution
0,1/12,9,0.023017902813299233
1,1/16,170,0.43478260869565216
2,1/2,25,0.0639386189258312
3,1/32,7,0.017902813299232736
4,1/4,69,0.17647058823529413
5,1/8,91,0.23273657289002558
6,3/16,16,0.04092071611253197
7,3/32,4,0.010230179028132993
