,duration,count_n_notes,distribution
0,1/12,15,0.00040997048212528697
1,1/16,16870,0.46108013556357275
2,1/2,463,0.012654422214933857
3,1/32,138,0.00377172843555264
4,1/4,3333,0.09109544112823877
5,1/6,15,0.00040997048212528697
6,1/8,14508,0.39652345031157754
7,3/16,854,0.02334098611566634
8,3/32,99,0.002705805182026894
9,3/8,293,0.008008090084180606
