,duration,count_n_notes,distribution
0,1,19,0.0025703463203463205
1,1/12,38,0.005140692640692641
2,1/16,484,0.06547619047619048
3,1/2,371,0.050189393939393936
4,1/4,3925,0.5309794372294372
5,1/8,2053,0.27773268398268397
6,3/16,490,0.06628787878787878
7,3/8,12,0.0016233766233766235
