,duration,count_n_notes,distribution
0,1,40,0.012143290831815421
1,1/12,25,0.007589556769884639
2,1/16,159,0.0482695810564663
3,1/2,119,0.03612629022465088
4,1/4,1205,0.3658166363084396
5,1/6,7,0.0021250758955676987
6,1/8,1604,0.4869459623557984
7,3/16,123,0.037340619307832425
8,3/4,2,0.0006071645415907711
9,3/8,10,0.0030358227079538553
