,duration,count_n_notes,distribution
0,1,3,0.017857142857142856
1,1/2,6,0.03571428571428571
2,1/4,143,0.8511904761904762
3,1/8,5,0.02976190476190476
4,3/2,1,0.005952380952380952
5,3/4,2,0.011904761904761904
6,3/8,8,0.047619047619047616
