,duration,count_n_notes,distribution
0,1,4,0.0196078431372549
1,1/4,8,0.0392156862745098
2,3/16,192,0.9411764705882353
