,duration,count_n_notes,distribution
0,1,189,0.012722988892628745
1,1/12,147,0.009895658027600134
2,1/16,647,0.04355435880175025
3,1/2,1848,0.12440255806125884
4,1/32,30,0.002019522046449007
5,1/4,5023,0.3381353079771121
6,1/6,136,0.009155166610568833
7,1/8,5463,0.3677549646583642
8,3/16,618,0.04160215415684954
9,3/32,6,0.0004039044092898014
10,3/4,173,0.01164591046785594
11,3/8,575,0.03870750589027264
