,duration,count_n_notes,distribution
0,1/16,401,0.285816108339273
1,1/2,82,0.05844618674269423
2,1/4,283,0.20171062009978616
3,1/6,10,0.007127583749109052
4,1/8,514,0.36635780470420526
5,3/16,105,0.07483962936564505
6,3/8,8,0.005702066999287242
