,duration,count_n_notes,distribution
0,1/12,10,0.006688963210702341
1,1/16,2,0.0013377926421404682
2,1/2,104,0.06956521739130435
3,1/4,912,0.6100334448160535
4,1/6,8,0.005351170568561873
5,1/8,357,0.23879598662207357
6,3/16,2,0.0013377926421404682
7,3/4,99,0.06622073578595318
8,3/8,1,0.0006688963210702341
