,duration,count_n_notes,distribution
0,1,90,0.01820388349514563
1,1/12,27,0.0054611650485436895
2,1/16,39,0.007888349514563107
3,1/2,436,0.08818770226537216
4,1/4,2086,0.42192556634304207
5,1/6,45,0.009101941747572815
6,1/8,1753,0.35457119741100324
7,3/16,169,0.03418284789644013
8,3/4,22,0.004449838187702265
9,3/8,277,0.05602750809061489
