,duration,count_n_notes,distribution
0,1/12,5,0.0037593984962406013
1,1/2,95,0.07142857142857142
2,1/4,453,0.3406015037593985
3,1/6,25,0.018796992481203006
4,1/8,675,0.5075187969924813
5,3/8,77,0.05789473684210526
