,duration,count_n_notes,distribution
0,1/16,7,0.2916666666666667
1,1/2,3,0.125
2,1/4,3,0.125
3,1/8,10,0.4166666666666667
4,3/16,1,0.041666666666666664
