,duration,count_n_notes,distribution
0,1,190,0.015173295000798594
1,1/16,92,0.007347069158281425
2,1/2,730,0.05829739658201565
3,1/32,72,0.005749880210828941
4,1/4,9164,0.731831975722728
5,1/6,42,0.0033540967896502154
6,1/8,2037,0.16267369429803546
7,3/16,78,0.006229036895064686
8,3/32,3,0.00023957834211787255
9,3/4,50,0.003992972368631209
10,3/8,64,0.005111004631847948
