,duration,count_n_notes,distribution
0,1/2,17,0.2
1,1/4,44,0.5176470588235295
2,1/8,18,0.21176470588235294
3,3/16,1,0.011764705882352941
4,3/4,5,0.058823529411764705
