,duration,count_n_notes,distribution
0,1,2,0.013793103448275862
1,1/16,6,0.041379310344827586
2,1/2,4,0.027586206896551724
3,1/4,54,0.3724137931034483
4,1/8,68,0.4689655172413793
5,3/16,10,0.06896551724137931
6,3/4,1,0.006896551724137931
