,duration,count_n_notes,distribution
0,1/16,1101,0.022584615384615384
1,1/2,104,0.0021333333333333334
2,1/32,507,0.0104
3,1/4,777,0.015938461538461537
4,1/8,46037,0.944348717948718
5,3/16,90,0.0018461538461538461
6,3/32,6,0.00012307692307692307
7,3/8,128,0.0026256410256410255
