,duration,count_n_notes,distribution
0,1/12,7,0.00035428687114080374
1,1/16,6312,0.319465532948679
2,1/2,161,0.008148598036238486
3,1/32,606,0.03067112055876101
4,1/4,531,0.02687518979653811
5,1/8,12031,0.6089179066707157
6,3/16,98,0.0049600161959712525
7,3/32,5,0.0002530620508148598
8,3/8,7,0.00035428687114080374
