,duration,count_n_notes,distribution
0,1/12,38,0.0008255126868265554
1,1/16,28112,0.610705596107056
2,1/2,140,0.0030413625304136255
3,1/32,83,0.0018030935001737921
4,1/4,1896,0.04118873826903024
5,1/6,8,0.0001737921445950643
6,1/8,14869,0.3230144247480014
7,3/16,694,0.015076468543621829
8,3/32,64,0.0013903371567605145
9,3/8,128,0.002780674313521029
