,duration,count_n_notes,distribution
0,1,228,0.014336917562724014
1,1/12,396,0.02490096208262592
2,1/16,1345,0.08457523737659561
3,1/2,968,0.060869018424196696
4,1/32,307,0.019304533735773125
5,1/4,3854,0.24234421178394014
6,1/6,112,0.0070426963466012705
7,1/8,7501,0.471672011570144
8,3/16,620,0.03898635477582846
9,3/32,29,0.001823555304030686
10,3/4,190,0.011947431302270013
11,3/8,353,0.022197069735270074
