,duration,count_n_notes,distribution
0,1,80,0.015640273704789834
1,1/12,102,0.01994134897360704
2,1/16,272,0.053176930596285435
3,1/2,239,0.046725317693059626
4,1/4,880,0.17204301075268819
5,1/6,9,0.0017595307917888563
6,1/8,3094,0.6048875855327468
7,3/16,309,0.06041055718475073
8,3/4,29,0.005669599217986315
9,3/8,101,0.019745845552297164
