,duration,count_n_notes,distribution
0,1/16,98,0.23444976076555024
1,1/2,3,0.007177033492822967
2,1/32,28,0.06698564593301436
3,1/4,13,0.03110047846889952
4,1/8,158,0.37799043062200954
5,3/16,84,0.20095693779904306
6,3/32,30,0.07177033492822966
7,3/4,2,0.004784688995215311
8,3/8,2,0.004784688995215311
