,duration,count_n_notes,distribution
0,1/12,21,0.013565891472868217
1,1/16,39,0.025193798449612403
2,1/2,77,0.04974160206718346
3,1/32,2,0.0012919896640826874
4,1/4,618,0.3992248062015504
5,1/6,2,0.0012919896640826874
6,1/8,682,0.4405684754521964
7,3/16,6,0.003875968992248062
8,3/32,1,0.0006459948320413437
9,3/4,87,0.0562015503875969
10,3/8,13,0.008397932816537468
