,duration,count_n_notes,distribution
0,1/12,135,0.04937820043891734
1,1/16,158,0.05779078273591807
2,1/2,172,0.06291148500365765
3,1/32,25,0.009144111192392099
4,1/4,799,0.2922457937088515
5,1/6,11,0.004023408924652524
6,1/8,1308,0.47841989758595466
7,3/16,23,0.008412582297000731
8,3/32,1,0.000365764447695684
9,3/4,60,0.021945866861741038
10,3/8,42,0.015362106803218726
