,duration,count_n_notes,distribution
0,1/2,1,0.004901960784313725
1,1/4,202,0.9901960784313726
2,1/8,1,0.004901960784313725
