,duration,count_n_notes,distribution
0,1,412,0.012125849839597375
1,1/12,1914,0.056332224740265474
2,1/16,6922,0.2037260499749831
3,1/2,1051,0.030932689760720486
4,1/3,4,0.00011772669747181917
5,1/32,985,0.02899019925243547
6,1/4,5182,0.15251493657474174
7,1/6,180,0.005297701386231863
8,1/8,15366,0.45224710833799336
9,3,1,2.9431674367954792e-05
10,3/16,1378,0.040556847279041706
11,3/32,46,0.0013538570209259205
12,3/4,197,0.0057980398504870944
13,3/8,339,0.009977337610736674
