,duration,count_n_notes,distribution
0,1,5,0.045454545454545456
1,1/2,12,0.10909090909090909
2,1/4,61,0.5545454545454546
3,1/8,27,0.24545454545454545
4,3/8,5,0.045454545454545456
