,duration,count_n_notes,distribution
0,1/2,34,0.047619047619047616
1,1/4,512,0.7170868347338936
2,1/8,82,0.11484593837535013
3,3/16,4,0.0056022408963585435
4,3/4,82,0.11484593837535013
