,duration,count_n_notes,distribution
0,1,793,0.05344386035853889
1,1/12,86,0.005795929370535112
2,1/16,1345,0.09064563957406659
3,1/2,653,0.04400862649952824
4,1/3,4,0.0002695781102574471
5,1/32,818,0.05512872354764793
6,1/4,5567,0.375185334950802
7,1/6,29,0.0019544412993664916
8,1/8,5239,0.35307992990969134
9,3/16,125,0.008424315945545222
10,3/32,5,0.0003369726378218089
11,3/4,40,0.002695781102574471
12,3/8,134,0.009030866693624478
