,duration,count_n_notes,distribution
0,1,50,0.013691128148959474
1,1/12,36,0.009857612267250822
2,1/16,4,0.001095290251916758
3,1/2,362,0.0991237677984666
4,1/4,1164,0.3187294633077766
5,1/6,164,0.044906900328587074
6,1/8,1641,0.44934282584884994
7,3/16,49,0.013417305585980284
8,3/4,13,0.0035596933187294635
9,3/8,169,0.04627601314348302
