,duration,count_n_notes,distribution
0,1/12,36,0.004918032786885246
1,1/16,399,0.05450819672131148
2,1/2,28,0.003825136612021858
3,1/32,60,0.00819672131147541
4,1/4,242,0.03306010928961749
5,1/8,6504,0.8885245901639345
6,3/16,28,0.003825136612021858
7,3/8,23,0.0031420765027322405
